{"RunID":[2,3,4,5,6,7,8,9,10],"RunResults":[[0.4486645333465523,0.4468405836243128,0.44488618954445536,0.4428981244265771,0.4409013467567541,0.4389022699254732,0.4369025629294786,0.434902672002492,0.43290272223149917,0.43090275140613477,0.428902772180599,0.4269027893181849,0.42490280481510967,0.42290281957852954,0.4209028340431415,0.4189028484241677,0.4169028628304836,0.41490287731818,0.41290289191680174,0.4109029066424523,0.408902921504409,0.40690293650848225,0.40490295165872964,0.4029029669583312,0.40090298241003874,0.39890299801640616,0.3969030137799089,0.39490302970300506,0.3929030457881687,0.39090306203790626,0.3889030784547667,0.3869030950413467,0.3849031118002946,0.3829031287343128,0.3809031458461596,0.37890316313865136,0.37690318061466394,0.3749031982771346,0.3729032161290634,0.3709032341735151,0.368903252413621,0.3669032708525806,0.3649032894936637,0.3629033083402119,0.36090332739564107,0.35890334666344315,0.3569033661471884,0.3549033858505275,0.3529034057771939,0.3509034259310062],[0.4488912221346746,0.44702353982544824,0.44505775508597084,0.44306667839368785,0.4410690731845846,0.4390697522218104,0.43706996416105154,0.43507004117438103,0.4330700756224268,0.43107009507531996,0.4290701086261135,0.42707011964445857,0.42507012952422235,0.42307013889307904,0.42107014805007803,0.4190701571427519,0.41707016624554266,0.415070175396707,0.4130701846163305,0.4110701939153047,0.4090702032998543,0.40707021277383365,0.4050702223398977,0.4030702320001007,0.40107024175620204,0.3990702516098237,0.3970702615625317,0.3950702716158781,0.39307028177142284,0.3910702920307454,0.3890703023954518,0.3870703128671777,0.3850703234475912,0.3830703341383941,0.3810703449413235,0.37907035585815313,0.3770703668906939,0.37507037804079557,0.3730703893103471,0.37107040070127834,0.369070412215561,0.36707042385520955,0.36507043562228275,0.36307044751888445,0.3610704595471654,0.3590704717093238,0.3570704840076075,0.35507049644431454,0.35307050902179543,0.3510705217424537],[0.44888226667327613,0.4470651918121564,0.44508799477222766,0.44309396221328856,0.44109557337837707,0.43909603496273664,0.4370961814647393,0.43509623600124603,0.4330962611157496,0.4310962757030674,0.42909628609029954,0.4270962946590925,0.4250963024075548,0.42309630978926477,0.42109631702157074,0.41909632421208387,0.41709633141524183,0.41509633865909,0.41309634595840083,0.4110963533212262,0.40909636075220446,0.4070963682542411,0.4050963758293648,0.4030963834791656,0.4010963912050194,0.3990963990082031,0.3970964068899544,0.3950964148515025,0.39309642289408436,0.3910964310189531,0.38909643922738335,0.3870964475206733,0.3850964559001473,0.3830964643671564,0.3810964729230798,0.3790964815693257,0.37709649030733194,0.37509649913856724,0.3730965080645317,0.3710965170867575,0.3690965262068105,0.3670965354262903,0.36509654474683184,0.3630965541701059,0.3610965636978205,0.3590965733317215,0.35709658307359415,0.35509659292526374,0.35309660288859696,0.3510966129655031],[0.4488833922886939,0.4470514927310889,0.4450844852612003,0.44309310050362366,0.4410954161235299,0.43909607435300957,0.43709628063885136,0.43509635604557684,0.43309639001969674,0.4310964093402297,0.4290964228729538,0.42709643391641416,0.42509644383964923,0.4230964532606027,0.4210964624741195,0.4190964716257862,0.4170964807891072,0.415096490001878,0.41309649928395614,0.4110965086461224,0.4090965180945492,0.4070965276330688,0.4050965372643299,0.40309654699038777,0.40109655681300727,0.39909656673381816,0.3970965767543957,0.39509658687630145,0.39309659710110567,0.3910966074303988,0.38909661786579736,0.3870966284089484,0.3850966390615313,0.38309664982525965,0.3810966607018826,0.3790966716931859,0.37709668280099296,0.37509669402716606,0.37309670537360745,0.37109671684226014,0.3690967284351093,0.3670967401541836,0.36509675200155556,0.3630967639793437,0.36109677608971347,0.35909678833487835,0.3570968007171015,0.3550968132386969,0.3530968259020311,0.3510968387095243],[0.44889122213467464,0.44702353982544824,0.4450577550859709,0.4430666783936879,0.44106907318458477,0.4390697522218105,0.4370699641610516,0.43507004117438103,0.4330700756224268,0.43107009507531996,0.42907010862611356,0.4270701196444586,0.42507012952422246,0.42307013889307904,0.4210701480500781,0.4190701571427518,0.41707016624554255,0.41507017539670704,0.4130701846163305,0.41107019391530475,0.4090702032998543,0.40707021277383365,0.4050702223398977,0.4030702320001007,0.40107024175620204,0.3990702516098237,0.3970702615625317,0.3950702716158781,0.39307028177142284,0.3910702920307454,0.3890703023954518,0.38707031286717775,0.3850703234475911,0.3830703341383941,0.38107034494132347,0.37907035585815313,0.377070366890694,0.37507037804079557,0.3730703893103471,0.37107040070127834,0.36907041221556103,0.36707042385520955,0.36507043562228275,0.36307044751888445,0.3610704595471654,0.3590704717093238,0.3570704840076075,0.35507049644431454,0.35307050902179543,0.3510705217424537],[0.44887825951743815,0.4470480191033855,0.4450813873653126,0.4430901024432301,0.4410924453305779,0.4390931114965175,0.4370933203630489,0.4350933967634069,0.4330934312134234,0.4310934508207258,0.42909346456344005,0.42709347578328277,0.4250934858676891,0.42309349544305846,0.4210935048083168,0.41909351411108015,0.4170935234258832,0.41509353279105415,0.41309354222673217,0.41109355174385287,0.40909356134867875,0.4070935710450997,0.4050935808358048,0.4030935907228822,0.4010936007081251,0.3990936107931902,0.39709362097967854,0.3950936312691776,0.39309364166328387,0.3910936521636139,0.3890936627718115,0.3870936734895509,0.38509368431853946,0.38309369526051945,0.381093706317269,0.37909371749060355,0.37709372878237707,0.3750937401944829,0.3730937517288548,0.37109376338746813,0.3690937751723414,0.3670937870855368,0.3650937991291615,0.3630938113053693,0.3610938236163618,0.3590938360643894,0.3570938486517527,0.35509386138080457,0.35309387425395095,0.35109388727365237],[0.44888776406889713,0.44706090991575836,0.44509351843829037,0.44310203506518175,0.44110432416535394,0.4391049747857093,0.4371051786420352,0.4351052531336852,0.43310528667884185,0.43110530574502465,0.4291053190932835,0.42710532998256795,0.42510533976526077,0.4231053490517173,0.4211053581331404,0.4191053671533114,0.41710537618482074,0.4151053852649923,0.4131053944134346,0.41110540364079207,0.4091054129531576,0.40710542235431335,0.4051054318468725,0.40310544143286164,0.40110545111402124,0.3991054608919581,0.39710547076822456,0.39510548074436,0.3931054908219121,0.39110550100244834,0.3891055112875621,0.3871055216788766,0.3851055321780471,0.38310554278676257,0.38110555350674685,0.37910556433975995,0.37710557528759925,0.3751055863521001,0.3731055975351373,0.37110560883862587,0.36910562026452265,0.3671056318148266,0.3651056434915808,0.3631056552968733,0.36110566723283805,0.359105679301657,0.3571056915055604,0.3551057038468292,0.35310571632779575,0.35110572895084535],[0.4488820520431553,0.4470458009455287,0.445078939159793,0.44308759284542565,0.44108991880962134,0.43909057996501577,0.43709078715709143,0.4350908628889011,0.4330908970061965,0.43109091640648,0.42909092999423715,0.42709094108219936,0.42509095104521777,0.4230909605038372,0.4210909697541376,0.41909097894231473,0.41709098814218026,0.41509099739168803,0.41309100671077875,0.4110910161102783,0.4090910255963849,0.40709103517294687,0.4050910448426238,0.4030910546074795,0.40109106446928605,0.39909107442968006,0.39709108449024294,0.39509109465254294,0.3930911049181566,0.3910911152886806,0.38909112576573845,0.38709113635098363,0.3850911470461025,0.3830911578528157,0.38109116877287935,0.3790911798080867,0.37709119096026833,0.37509120223129455,0.373091213623075,0.3710912251375608,0.3690912367767452,0.36709124854266517,0.36509126043740164,0.363091272463082,0.36109128462188034,0.3590912969160194,0.3570913093477713,0.35509132191945986,0.35309133463346115,0.3510913474922053],[0.448883392288694,0.4470514927310889,0.4450844852612003,0.44309310050362366,0.4410954161235299,0.43909607435300957,0.4370962806388515,0.43509635604557684,0.43309639001969674,