{"A":[[0.4486645333465523,0.4468405836243128,0.44488618954445536,0.4428981244265771,0.4409013467567541,0.4389022699254732,0.4369025629294786,0.434902672002492,0.43290272223149917,0.43090275140613477,0.428902772180599,0.4269027893181849,0.42490280481510967,0.42290281957852954,0.4209028340431415,0.4189028484241677,0.4169028628304836,0.41490287731818,0.41290289191680174,0.4109029066424523,0.408902921504409,0.40690293650848225,0.40490295165872964,0.4029029669583312,0.40090298241003874,0.39890299801640616,0.3969030137799089,0.39490302970300506,0.3929030457881687,0.39090306203790626,0.3889030784547667,0.3869030950413467,0.3849031118002946,0.3829031287343128,0.3809031458461596,0.37890316313865136,0.37690318061466394,0.3749031982771346,0.3729032161290634,0.3709032341735151,0.368903252413621,0.3669032708525806,0.3649032894936637,0.3629033083402119,0.36090332739564107,0.35890334666344315,0.3569033661471884,0.3549033858505275,0.3529034057771939,0.3509034259310062]],"B":[[0.8973290666931046,0.8936811672486256,0.8897723790889107,0.8857962488531542,0.8818026935135082,0.8778045398509464,0.8738051258589572,0.869805344004984,0.8658054444629983,0.8618055028122695,0.857805544361198,0.8538055786363699,0.8498056096302193,0.8458056391570591,0.841805668086283,0.8378056968483354,0.8338057256609672,0.82980575463636,0.8258057838336035,0.8218058132849047,0.817805843008818,0.8138058730169645,0.8098059033174593,0.8058059339166624,0.8018059648200775,0.7978059960328123,0.7938060275598178,0.7898060594060101,0.7858060915763374,0.7818061240758125,0.7778061569095334,0.7738061900826934,0.7698062236005891,0.7658062574686256,0.7618062916923192,0.7578063262773027,0.7538063612293279,0.7498063965542692,0.7458064322581268,0.7418064683470302,0.737806504827242,0.7338065417051612,0.7298065789873274,0.7258066166804238,0.7218066547912821,0.7178066933268863,0.7138067322943767,0.709806771701055,0.7058068115543878,0.7018068518620124]]}